atoc_code,name
AW,Transport for Wales
CC,c2c
CH,Chiltern Railways
CS,Caledonian Sleeper
EM,East Midlands Railway
ES,Eurostar
GC,Grand Central
GM,Transport for Greater Manchester
GN,Great Northern
GR,LNER
GW,Great Western Railway
GX,Gatwick Express
HS,Network Rail High Speed
HT,Hull Trains
HV,Hovertravel
HX,Heathrow Express
IL,Island Line
LD,Lumo
LE,Greater Anglia
LM,LNR & WMR
LN,London Northwestern Railway
LO,London Overground
LT,London Underground
ME,Merseyrail
NR,Network Rail
NT,Northern
SE,Southeastern
SN,Southern
SR,ScotRail
SW,South Western Railway
SX,Stansted Express
TL,Thameslink
TP,TransPennine Express
VT,Avanti West Coast
WM,West Midlands Railway
XC,CrossCountry
XP,Glasgow Prestwick Airport Ltd
XR,Elizabeth line
XS,London Southend Airport
ZN,National Rail
